{"file:///c%3A/Users/Janek/Desktop/inz/ArduinoPrototype/PIOver/gardenStation/src/espnow_simplified.h":{"language":"C++","code":19,"comment":1,"blank":5},"file:///c%3A/Users/Janek/Desktop/inz/ArduinoPrototype/PIOver/gardenStation/src/main.cpp":{"language":"C++","code":88,"comment":11,"blank":17},"file:///c%3A/Users/Janek/Desktop/inz/ArduinoPrototype/PIOver/gardenStation/src/defines.h":{"language":"C++","code":7,"comment":2,"blank":1},"file:///c%3A/Users/Janek/Desktop/inz/ArduinoPrototype/PIOver/gardenStation/src/espnow_simplified.cpp":{"language":"C++","code":24,"comment":5,"blank":7}}