{"file:///c%3A/Users/Janek/Desktop/inz/ArduinoPrototype/PIOver/homeStation/src/clock.h":{"language":"C++","code":14,"comment":0,"blank":5},"file:///c%3A/Users/Janek/Desktop/inz/ArduinoPrototype/PIOver/homeStation/src/calibration.h":{"language":"C++","code":14,"comment":0,"blank":6},"file:///c%3A/Users/Janek/Desktop/inz/ArduinoPrototype/PIOver/homeStation/src/clock.cpp":{"language":"C++","code":28,"comment":19,"blank":7},"file:///c%3A/Users/Janek/Desktop/inz/ArduinoPrototype/PIOver/homeStation/src/wateringHandler.h":{"language":"C++","code":16,"comment":1,"blank":3},"file:///c%3A/Users/Janek/Desktop/inz/ArduinoPrototype/PIOver/homeStation/src/wateringHandler.cpp":{"language":"C++","code":73,"comment":2,"blank":9},"file:///c%3A/Users/Janek/Desktop/inz/ArduinoPrototype/PIOver/homeStation/src/calibration.cpp":{"language":"C++","code":54,"comment":12,"blank":16},"file:///c%3A/Users/Janek/Desktop/inz/ArduinoPrototype/PIOver/homeStation/src/ui_Tent.c":{"language":"C","code":145,"comment":4,"blank":28},"file:///c%3A/Users/Janek/Desktop/inz/ArduinoPrototype/PIOver/homeStation/src/ui_helpers.h":{"language":"C++","code":83,"comment":5,"blank":61},"file:///c%3A/Users/Janek/Desktop/inz/ArduinoPrototype/PIOver/homeStation/src/ui_helpers.c":{"language":"C","code":222,"comment":4,"blank":122},"file:///c%3A/Users/Janek/Desktop/inz/ArduinoPrototype/PIOver/homeStation/src/ui_MainMenu.c":{"language":"C","code":130,"comment":4,"blank":21},"file:///c%3A/Users/Janek/Desktop/inz/ArduinoPrototype/PIOver/homeStation/src/ui_events.c":{"language":"C","code":46,"comment":4,"blank":6},"file:///c%3A/Users/Janek/Desktop/inz/ArduinoPrototype/PIOver/homeStation/src/ui_events.h":{"language":"C++","code":20,"comment":4,"blank":7},"file:///c%3A/Users/Janek/Desktop/inz/ArduinoPrototype/PIOver/homeStation/src/ui_Garden.c":{"language":"C","code":110,"comment":4,"blank":25},"file:///c%3A/Users/Janek/Desktop/inz/ArduinoPrototype/PIOver/homeStation/src/main.cpp":{"language":"C++","code":76,"comment":17,"blank":18},"file:///c%3A/Users/Janek/Desktop/inz/ArduinoPrototype/PIOver/homeStation/src/ui.h":{"language":"C++","code":91,"comment":12,"blank":13},"file:///c%3A/Users/Janek/Desktop/inz/ArduinoPrototype/PIOver/homeStation/src/ui_comp_hook.c":{"language":"C","code":0,"comment":4,"blank":2},"file:///c%3A/Users/Janek/Desktop/inz/ArduinoPrototype/PIOver/homeStation/src/ui.c":{"language":"C","code":168,"comment":17,"blank":37},"file:///c%3A/Users/Janek/Desktop/inz/ArduinoPrototype/PIOver/homeStation/src/espnow_simplified.h":{"language":"C++","code":48,"comment":0,"blank":11},"file:///c%3A/Users/Janek/Desktop/inz/ArduinoPrototype/PIOver/homeStation/src/espnow_simplified.cpp":{"language":"C++","code":40,"comment":1,"blank":9},"file:///c%3A/Users/Janek/Desktop/inz/ArduinoPrototype/PIOver/homeStation/src/I2C.cpp":{"language":"C++","code":40,"comment":0,"blank":6},"file:///c%3A/Users/Janek/Desktop/inz/ArduinoPrototype/PIOver/homeStation/src/I2C.h":{"language":"C++","code":8,"comment":5,"blank":4},"file:///c%3A/Users/Janek/Desktop/inz/ArduinoPrototype/PIOver/homeStation/src/errorHandler.h":{"language":"C++","code":6,"comment":0,"blank":3},"file:///c%3A/Users/Janek/Desktop/inz/ArduinoPrototype/PIOver/homeStation/src/errorHandler.cpp":{"language":"C++","code":12,"comment":3,"blank":4}}