{"file:///c%3A/Users/Janek/Desktop/inz/ArduinoPrototype/PIOver/tentStation/src/HCSR04.cpp":{"language":"C++","code":19,"comment":4,"blank":8},"file:///c%3A/Users/Janek/Desktop/inz/ArduinoPrototype/PIOver/tentStation/src/BMP280.h":{"language":"C++","code":0,"comment":0,"blank":1},"file:///c%3A/Users/Janek/Desktop/inz/ArduinoPrototype/PIOver/tentStation/src/SHT31.cpp":{"language":"C++","code":17,"comment":12,"blank":6},"file:///c%3A/Users/Janek/Desktop/inz/ArduinoPrototype/PIOver/tentStation/src/espnow_simplified.h":{"language":"C++","code":27,"comment":0,"blank":5},"file:///c%3A/Users/Janek/Desktop/inz/ArduinoPrototype/PIOver/tentStation/src/BMP.280.cpp":{"language":"C++","code":0,"comment":0,"blank":1},"file:///c%3A/Users/Janek/Desktop/inz/ArduinoPrototype/PIOver/tentStation/src/espnow_simplified.cpp":{"language":"C++","code":24,"comment":1,"blank":7},"file:///c%3A/Users/Janek/Desktop/inz/ArduinoPrototype/PIOver/tentStation/src/SHT31.h":{"language":"C++","code":18,"comment":0,"blank":3},"file:///c%3A/Users/Janek/Desktop/inz/ArduinoPrototype/PIOver/tentStation/src/PROBES.h":{"language":"C++","code":6,"comment":0,"blank":2},"file:///c%3A/Users/Janek/Desktop/inz/ArduinoPrototype/PIOver/tentStation/src/PROBES.cpp":{"language":"C++","code":13,"comment":3,"blank":5},"file:///c%3A/Users/Janek/Desktop/inz/ArduinoPrototype/PIOver/tentStation/src/I2C.h":{"language":"C++","code":8,"comment":5,"blank":4},"file:///c%3A/Users/Janek/Desktop/inz/ArduinoPrototype/PIOver/tentStation/src/I2C.cpp":{"language":"C++","code":40,"comment":5,"blank":7},"file:///c%3A/Users/Janek/Desktop/inz/ArduinoPrototype/PIOver/tentStation/src/main.cpp":{"language":"C++","code":81,"comment":17,"blank":19},"file:///c%3A/Users/Janek/Desktop/inz/ArduinoPrototype/PIOver/tentStation/src/SHT41.cpp":{"language":"C++","code":11,"comment":9,"blank":4},"file:///c%3A/Users/Janek/Desktop/inz/ArduinoPrototype/PIOver/tentStation/src/HCSR04.h":{"language":"C++","code":7,"comment":0,"blank":3},"file:///c%3A/Users/Janek/Desktop/inz/ArduinoPrototype/PIOver/tentStation/src/TSL2591.h":{"language":"C++","code":24,"comment":0,"blank":7},"file:///c%3A/Users/Janek/Desktop/inz/ArduinoPrototype/PIOver/tentStation/src/TSL2591.cpp":{"language":"C++","code":38,"comment":15,"blank":16},"file:///c%3A/Users/Janek/Desktop/inz/ArduinoPrototype/PIOver/tentStation/src/SHT41.h":{"language":"C++","code":7,"comment":0,"blank":3}}